{
  "channel": [
    {
      "referenceGain": 0.019999999552965164,
      "relAttenGain": [1.0, 1.0, 1.0],
      "combCoarseSegmentBase": [-0.8500000238418579, -0.699999988079071, -0.5400000214576721, -0.38999998569488525, -0.23000000417232513, -0.07999999821186066, 0.07999999821186066, 0.23000000417232513, 0.38999998569488525, 0.5400000214576721, 0.699999988079071, 0.8500000238418579],
      "combFineSegmentBase": [6.0, 6.0, 6.0, 6.0, 6.0, 6.0, 6.0, 6.0, 6.0, 6.0, 6.0, 6.0],
      "linSegmentCount": 8.0,
      "linSegmentBase": [-1.0, -0.875, -0.75, -0.625, -0.5, -0.375, -0.25, -0.125, 0.0, 0.125, 0.25, 0.375, 0.5, 0.625, 0.75, 0.875],
      "linSegmentSlope": [0.125, 0.125, 0.125, 0.125, 0.125, 0.125, 0.125, 0.125, 0.125, 0.125, 0.125, 0.125, 0.125, 0.125, 0.125, 0.125],
      "reducedOffsetRatio": 8.59000015258789,
      "hfBwAdjust": [-0.699999988079071, -0.699999988079071, -0.699999988079071],
      "fqBwAdjust": [-0.699999988079071, -0.699999988079071, -0.699999988079071]
    },
    {
      "referenceGain": 0.019999999552965164,
      "relAttenGain": [1.0, 1.0, 1.0],
      "combCoarseSegmentBase": [-0.8500000238418579, -0.699999988079071, -0.5400000214576721, -0.38999998569488525, -0.23000000417232513, -0.07999999821186066, 0.07999999821186066, 0.23000000417232513, 0.38999998569488525, 0.5400000214576721, 0.699999988079071, 0.8500000238418579],
      "combFineSegmentBase": [6.0, 6.0, 6.0, 6.0, 6.0, 6.0, 6.0, 6.0, 6.0, 6.0, 6.0, 6.0],
      "linSegmentCount": 8.0,
      "linSegmentBase": [-1.0, -0.875, -0.75, -0.625, -0.5, -0.375, -0.25, -0.125, 0.0, 0.125, 0.25, 0.375, 0.5, 0.625, 0.75, 0.875],
      "linSegmentSlope": [0.125, 0.125, 0.125, 0.125, 0.125, 0.125, 0.125, 0.125, 0.125, 0.125, 0.125, 0.125, 0.125, 0.125, 0.125, 0.125],
      "reducedOffsetRatio": 8.59000015258789,
      "hfBwAdjust": [-0.699999988079071, -0.699999988079071, -0.699999988079071],
      "fqBwAdjust": [-0.699999988079071, -0.699999988079071, -0.699999988079071]
    },
    {
      "referenceGain": 0.019999999552965164,
      "relAttenGain": [1.0, 1.0, 1.0],
      "combCoarseSegmentBase": [-0.8500000238418579, -0.699999988079071, -0.5400000214576721, -0.38999998569488525, -0.23000000417232513, -0.07999999821186066, 0.07999999821186066, 0.23000000417232513, 0.38999998569488525, 0.5400000214576721, 0.699999988079071, 0.8500000238418579],
      "combFineSegmentBase": [6.0, 6.0, 6.0, 6.0, 6.0, 6.0, 6.0, 6.0, 6.0, 6.0, 6.0, 6.0],
      "linSegmentCount": 8.0,
      "linSegmentBase": [-1.0, -0.875, -0.75, -0.625, -0.5, -0.375, -0.25, -0.125, 0.0, 0.125, 0.25, 0.375, 0.5, 0.625, 0.75, 0.875],
      "linSegmentSlope": [0.125, 0.125, 0.125, 0.125, 0.125, 0.125, 0.125, 0.125, 0.125, 0.125, 0.125, 0.125, 0.125, 0.125, 0.125, 0.125],
      "reducedOffsetRatio": 8.59000015258789,
      "hfBwAdjust": [-0.699999988079071, -0.699999988079071, -0.699999988079071],
      "fqBwAdjust": [-0.699999988079071, -0.699999988079071, -0.699999988079071]
    },
    {
      "referenceGain": 0.019999999552965164,
      "relAttenGain": [1.0, 1.0, 1.0],
      "combCoarseSegmentBase": [-0.8500000238418579, -0.699999988079071, -0.5400000214576721, -0.38999998569488525, -0.23000000417232513, -0.07999999821186066, 0.07999999821186066, 0.23000000417232513, 0.38999998569488525, 0.5400000214576721, 0.699999988079071, 0.8500000238418579],
      "combFineSegmentBase": [6.0, 6.0, 6.0, 6.0, 6.0, 6.0, 6.0, 6.0, 6.0, 6.0, 6.0, 6.0],
      "linSegmentCount": 8.0,
      "linSegmentBase": [-1.0, -0.875, -0.75, -0.625, -0.5, -0.375, -0.25, -0.125, 0.0, 0.125, 0.25, 0.375, 0.5, 0.625, 0.75, 0.875],
      "linSegmentSlope": [0.125, 0.125, 0.125, 0.125, 0.125, 0.125, 0.125, 0.125, 0.125, 0.125, 0.125, 0.125, 0.125, 0.125, 0.125, 0.125],
      "reducedOffsetRatio": 8.59000015258789,
      "hfBwAdjust": [-0.699999988079071, -0.699999988079071, -0.699999988079071],
      "fqBwAdjust": [-0.699999988079071, -0.699999988079071, -0.699999988079071]
    }
  ],
  "version": 6,
  "firmware": ""
}
