{
  "trigger": [
    {
      "extExt10Offset": [0.0, 0.0],
      "extExt10LinDivsPerVolt": [5.3333330154418945, 0.5333333015441895],
      "line50PctVal": 0.0,
      "hystDacVal": [-0.5, -0.5, -0.5, -0.25],
      "ext1HystDacVal": [0.30000001192092896, 0.30000001192092896, 0.30000001192092896, 0.5],
      "ext10HystDacVal": [-0.5, -0.5, -0.5, -0.5],
      "hfLfRejectOffset": [0.0, 0.0],
      "extExt10NegSlopeOffset": [0.0, 0.0],
      "dummy": [0.0, 0.0]
    },
    {
      "extExt10Offset": [0.0, 0.0],
      "extExt10LinDivsPerVolt": [5.3333330154418945, 0.5333333015441895],
      "line50PctVal": 0.0,
      "hystDacVal": [-0.5, -0.5, -0.5, -0.25],
      "ext1HystDacVal": [0.30000001192092896, 0.30000001192092896, 0.30000001192092896, 0.5],
      "ext10HystDacVal": [-0.5, -0.5, -0.5, -0.5],
      "hfLfRejectOffset": [0.0, 0.0],
      "extExt10NegSlopeOffset": [0.0, 0.0],
      "dummy": [0.0, 0.0]
    }
  ],
  "filter30Khz": 384,
  "filter80Khz": 384,
  "version": 5,
  "reservedc2": 0
}
