{
  "channel": [
    {
      "refDcBalance": [0.0, 0.0, 0.0],
      "zeroCoarseDac_or_balance": 0.0,
      "zeroFineDac_or_balance": 6.0,
      "earlyOffsetOrScale_unknown": [-1.0, -0.875, -0.75, -0.625, -0.5, -0.375, -0.25, -0.125, 0.0, 0.125, 0.25, 0.375, 0.5, 0.625, 0.75, 0.875, 0.125, 0.125, 0.125, 0.125, 0.125, 0.125, 0.125, 0.125, 0.125, 0.125, 0.125, 0.125, 0.125, 0.125, 0.125, 0.125],
      "preampBalanceDelta": [0.0, 0.0, 0.0, 0.0, 0.0, 0.0],
      "balanceInvertDelta": 0.0,
      "balanceFullBwDelta": 0.0,
      "balance150MHzBwDelta": 0.0,
      "balanceRORDelta": 0.0,
      "relPaGain": [0.05000000074505806, 0.10000000149011612, 0.25, 0.5, 1.0, 2.5],
      "relInvertGain": -1.0,
      "varigainSlope": [
        [0.7580000162124634, 0.7580000162124634, 0.7580000162124634, 0.7580000162124634, 0.7580000162124634, 0.7580000162124634, 0.7580000162124634],
        [0.7580000162124634, 0.7580000162124634, 0.7580000162124634, 0.7580000162124634, 0.7580000162124634, 0.7580000162124634, 0.7580000162124634],
        [0.7580000162124634, 0.7580000162124634, 0.7580000162124634, 0.7580000162124634, 0.7580000162124634, 0.7580000162124634, 0.7580000162124634],
        [0.7580000162124634, 0.7580000162124634, 0.7580000162124634, 0.7580000162124634, 0.7580000162124634, 0.7580000162124634, 0.7580000162124634],
        [0.7580000162124634, 0.7580000162124634, 0.7580000162124634, 0.7580000162124634, 0.7580000162124634, 0.7580000162124634, 0.7580000162124634],
        [0.7580000162124634, 0.7580000162124634, 0.7580000162124634, 0.7580000162124634, 0.7580000162124634, 0.7580000162124634, 0.7580000162124634]
      ],
      "varigainRatioBase": [
        [0.3499999940395355, 0.4300000071525574, 0.5899999737739563, 0.7599999904632568, 0.9200000166893005, 1.090000033378601, 1.25],
        [0.3499999940395355, 0.4300000071525574, 0.5899999737739563, 0.7599999904632568, 0.9200000166893005, 1.090000033378601, 1.25],
        [0.3499999940395355, 0.4300000071525574, 0.5899999737739563, 0.7599999904632568, 0.9200000166893005, 1.090000033378601, 1.25],
        [0.3499999940395355, 0.4300000071525574, 0.5899999737739563, 0.7599999904632568, 0.9200000166893005, 1.090000033378601, 1.25],
        [0.3499999940395355, 0.4300000071525574, 0.5899999737739563, 0.7599999904632568, 0.9200000166893005, 1.090000033378601, 1.25],
        [0.3499999940395355, 0.4300000071525574, 0.5899999737739563, 0.7599999904632568, 0.9200000166893005, 1.090000033378601, 1.25]
      ],
      "vgainBalanceIntercept": [
        [0.0, 0.0, 0.0, 0.0, 0.0, 0.0, 0.0],
        [0.0, 0.0, 0.0, 0.0, 0.0, 0.0, 0.0],
        [0.0, 0.0, 0.0, 0.0, 0.0, 0.0, 0.0],
        [0.0, 0.0, 0.0, 0.0, 0.0, 0.0, 0.0],
        [0.0, 0.0, 0.0, 0.0, 0.0, 0.0, 0.0],
        [0.0, 0.0, 0.0, 0.0, 0.0, 0.0, 0.0]
      ],
      "vgainBalanceSlope": [
        [0.0, 0.0, 0.0, 0.0, 0.0, 0.0, 0.0],
        [0.0, 0.0, 0.0, 0.0, 0.0, 0.0, 0.0],
        [0.0, 0.0, 0.0, 0.0, 0.0, 0.0, 0.0],
        [0.0, 0.0, 0.0, 0.0, 0.0, 0.0, 0.0],
        [0.0, 0.0, 0.0, 0.0, 0.0, 0.0, 0.0],
        [0.0, 0.0, 0.0, 0.0, 0.0, 0.0, 0.0]
      ]
    },
    {
      "refDcBalance": [0.0, 0.0, 0.0],
      "zeroCoarseDac_or_balance": 0.0,
      "zeroFineDac_or_balance": 6.0,
      "earlyOffsetOrScale_unknown": [-1.0, -0.875, -0.75, -0.625, -0.5, -0.375, -0.25, -0.125, 0.0, 0.125, 0.25, 0.375, 0.5, 0.625, 0.75, 0.875, 0.125, 0.125, 0.125, 0.125, 0.125, 0.125, 0.125, 0.125, 0.125, 0.125, 0.125, 0.125, 0.125, 0.125, 0.125, 0.125],
      "preampBalanceDelta": [0.0, 0.0, 0.0, 0.0, 0.0, 0.0],
      "balanceInvertDelta": 0.0,
      "balanceFullBwDelta": 0.0,
      "balance150MHzBwDelta": 0.0,
      "balanceRORDelta": 0.0,
      "relPaGain": [0.05000000074505806, 0.10000000149011612, 0.25, 0.5, 1.0, 2.5],
      "relInvertGain": -1.0,
      "varigainSlope": [
        [0.7580000162124634, 0.7580000162124634, 0.7580000162124634, 0.7580000162124634, 0.7580000162124634, 0.7580000162124634, 0.7580000162124634],
        [0.7580000162124634, 0.7580000162124634, 0.7580000162124634, 0.7580000162124634, 0.7580000162124634, 0.7580000162124634, 0.7580000162124634],
        [0.7580000162124634, 0.7580000162124634, 0.7580000162124634, 0.7580000162124634, 0.7580000162124634, 0.7580000162124634, 0.7580000162124634],
        [0.7580000162124634, 0.7580000162124634, 0.7580000162124634, 0.7580000162124634, 0.7580000162124634, 0.7580000162124634, 0.7580000162124634],
        [0.7580000162124634, 0.7580000162124634, 0.7580000162124634, 0.7580000162124634, 0.7580000162124634, 0.7580000162124634, 0.7580000162124634],
        [0.7580000162124634, 0.7580000162124634, 0.7580000162124634, 0.7580000162124634, 0.7580000162124634, 0.7580000162124634, 0.7580000162124634]
      ],
      "varigainRatioBase": [
        [0.3499999940395355, 0.4300000071525574, 0.5899999737739563, 0.7599999904632568, 0.9200000166893005, 1.090000033378601, 1.25],
        [0.3499999940395355, 0.4300000071525574, 0.5899999737739563, 0.7599999904632568, 0.9200000166893005, 1.090000033378601, 1.25],
        [0.3499999940395355, 0.4300000071525574, 0.5899999737739563, 0.7599999904632568, 0.9200000166893005, 1.090000033378601, 1.25],
        [0.3499999940395355, 0.4300000071525574, 0.5899999737739563, 0.7599999904632568, 0.9200000166893005, 1.090000033378601, 1.25],
        [0.3499999940395355, 0.4300000071525574, 0.5899999737739563, 0.7599999904632568, 0.9200000166893005, 1.090000033378601, 1.25],
        [0.3499999940395355, 0.4300000071525574, 0.5899999737739563, 0.7599999904632568, 0.9200000166893005, 1.090000033378601, 1.25]
      ],
      "vgainBalanceIntercept": [
        [0.0, 0.0, 0.0, 0.0, 0.0, 0.0, 0.0],
        [0.0, 0.0, 0.0, 0.0, 0.0, 0.0, 0.0],
        [0.0, 0.0, 0.0, 0.0, 0.0, 0.0, 0.0],
        [0.0, 0.0, 0.0, 0.0, 0.0, 0.0, 0.0],
        [0.0, 0.0, 0.0, 0.0, 0.0, 0.0, 0.0],
        [0.0, 0.0, 0.0, 0.0, 0.0, 0.0, 0.0]
      ],
      "vgainBalanceSlope": [
        [0.0, 0.0, 0.0, 0.0, 0.0, 0.0, 0.0],
        [0.0, 0.0, 0.0, 0.0, 0.0, 0.0, 0.0],
        [0.0, 0.0, 0.0, 0.0, 0.0, 0.0, 0.0],
        [0.0, 0.0, 0.0, 0.0, 0.0, 0.0, 0.0],
        [0.0, 0.0, 0.0, 0.0, 0.0, 0.0, 0.0],
        [0.0, 0.0, 0.0, 0.0, 0.0, 0.0, 0.0]
      ]
    },
    {
      "refDcBalance": [0.0, 0.0, 0.0],
      "zeroCoarseDac_or_balance": 0.0,
      "zeroFineDac_or_balance": 6.0,
      "earlyOffsetOrScale_unknown": [-1.0, -0.875, -0.75, -0.625, -0.5, -0.375, -0.25, -0.125, 0.0, 0.125, 0.25, 0.375, 0.5, 0.625, 0.75, 0.875, 0.125, 0.125, 0.125, 0.125, 0.125, 0.125, 0.125, 0.125, 0.125, 0.125, 0.125, 0.125, 0.125, 0.125, 0.125, 0.125],
      "preampBalanceDelta": [0.0, 0.0, 0.0, 0.0, 0.0, 0.0],
      "balanceInvertDelta": 0.0,
      "balanceFullBwDelta": 0.0,
      "balance150MHzBwDelta": 0.0,
      "balanceRORDelta": 0.0,
      "relPaGain": [0.05000000074505806, 0.10000000149011612, 0.25, 0.5, 1.0, 2.5],
      "relInvertGain": -1.0,
      "varigainSlope": [
        [0.7580000162124634, 0.7580000162124634, 0.7580000162124634, 0.7580000162124634, 0.7580000162124634, 0.7580000162124634, 0.7580000162124634],
        [0.7580000162124634, 0.7580000162124634, 0.7580000162124634, 0.7580000162124634, 0.7580000162124634, 0.7580000162124634, 0.7580000162124634],
        [0.7580000162124634, 0.7580000162124634, 0.7580000162124634, 0.7580000162124634, 0.7580000162124634, 0.7580000162124634, 0.7580000162124634],
        [0.7580000162124634, 0.7580000162124634, 0.7580000162124634, 0.7580000162124634, 0.7580000162124634, 0.7580000162124634, 0.7580000162124634],
        [0.7580000162124634, 0.7580000162124634, 0.7580000162124634, 0.7580000162124634, 0.7580000162124634, 0.7580000162124634, 0.7580000162124634],
        [0.7580000162124634, 0.7580000162124634, 0.7580000162124634, 0.7580000162124634, 0.7580000162124634, 0.7580000162124634, 0.7580000162124634]
      ],