{
  "trigger": [
    {
      "linDivsPerTrigDiv": [
        [0.666670024394989, 0.666670024394989, 0.666670024394989, 0.666670024394989, 0.666670024394989, 0.666670024394989],
        [0.666670024394989, 0.666670024394989, 0.666670024394989, 0.666670024394989, 0.666670024394989, 0.666670024394989],
        [0.666670024394989, 0.666670024394989, 0.666670024394989, 0.666670024394989, 0.666670024394989, 0.666670024394989],
        [0.666670024394989, 0.666670024394989, 0.666670024394989, 0.666670024394989, 0.666670024394989, 0.666670024394989]
      ],
      "linOffset": [
        [0.0, 0.0, 0.0, 0.0, 0.0, 0.0],
        [0.0, 0.0, 0.0, 0.0, 0.0, 0.0],
        [0.0, 0.0, 0.0, 0.0, 0.0, 0.0],
        [0.0, 0.0, 0.0, 0.0, 0.0, 0.0]
      ],
      "negSlopeOffset": [
        [0.0, 0.0, 0.0, 0.0, 0.0, 0.0],
        [0.0, 0.0, 0.0, 0.0, 0.0, 0.0],
        [0.0, 0.0, 0.0, 0.0, 0.0, 0.0],
        [0.0, 0.0, 0.0, 0.0, 0.0, 0.0]
      ],
      "noiseRejOffset": [
        [
          [0.0, 0.0],
          [0.0, 0.0],
          [0.0, 0.0],
          [0.0, 0.0],
          [0.0, 0.0],
          [0.0, 0.0]
        ],
        [
          [0.0, 0.0],
          [0.0, 0.0],
          [0.0, 0.0],
          [0.0, 0.0],
          [0.0, 0.0],
          [0.0, 0.0]
        ],
        [
          [0.0, 0.0],
          [0.0, 0.0],
          [0.0, 0.0],
          [0.0, 0.0],
          [0.0, 0.0],
          [0.0, 0.0]
        ],
        [
          [0.0, 0.0],
          [0.0, 0.0],
          [0.0, 0.0],
          [0.0, 0.0],
          [0.0, 0.0],
          [0.0, 0.0]
        ]
      ],
      "hysteresis": [0.0, 0.0, 0.0, 0.0],
      "segIntercept": [-0.75, -0.625, -0.5, -0.375, -0.25, -0.125, 0.0, 0.125, 0.25, 0.375, 0.5, 0.625],
      "segSlope": [0.125, 0.125, 0.125, 0.125, 0.125, 0.125, 0.125, 0.125, 0.125, 0.125, 0.125, 0.125]
    },
    {
      "linDivsPerTrigDiv": [
        [0.666670024394989, 0.666670024394989, 0.666670024394989, 0.666670024394989, 0.666670024394989, 0.666670024394989],
        [0.666670024394989, 0.666670024394989, 0.666670024394989, 0.666670024394989, 0.666670024394989, 0.666670024394989],
        [0.666670024394989, 0.666670024394989, 0.666670024394989, 0.666670024394989, 0.666670024394989, 0.666670024394989],
        [0.666670024394989, 0.666670024394989, 0.666670024394989, 0.666670024394989, 0.666670024394989, 0.666670024394989]
      ],
      "linOffset": [
        [0.0, 0.0, 0.0, 0.0, 0.0, 0.0],
        [0.0, 0.0, 0.0, 0.0, 0.0, 0.0],
        [0.0, 0.0, 0.0, 0.0, 0.0, 0.0],
        [0.0, 0.0, 0.0, 0.0, 0.0, 0.0]
      ],
      "negSlopeOffset": [
        [0.0, 0.0, 0.0, 0.0, 0.0, 0.0],
        [0.0, 0.0, 0.0, 0.0, 0.0, 0.0],
        [0.0, 0.0, 0.0, 0.0, 0.0, 0.0],
        [0.0, 0.0, 0.0, 0.0, 0.0, 0.0]
      ],
      "noiseRejOffset": [
        [
          [0.0, 0.0],
          [0.0, 0.0],
          [0.0, 0.0],
          [0.0, 0.0],
          [0.0, 0.0],
          [0.0, 0.0]
        ],
        [
          [0.0, 0.0],
          [0.0, 0.0],
          [0.0, 0.0],
          [0.0, 0.0],
          [0.0, 0.0],
          [0.0, 0.0]
        ],
        [
          [0.0, 0.0],
          [0.0, 0.0],
          [0.0, 0.0],
          [0.0, 0.0],
          [0.0, 0.0],
          [0.0, 0.0]
        ],
        [
          [0.0, 0.0],
          [0.0, 0.0],
          [0.0, 0.0],
          [0.0, 0.0],
          [0.0, 0.0],
          [0.0, 0.0]
        ]
      ],
      "hysteresis": [0.0, 0.0, 0.0, 0.0],
      "segIntercept": [-0.75, -0.625, -0.5, -0.375, -0.25, -0.125, 0.0, 0.125, 0.25, 0.375, 0.5, 0.625],
      "segSlope": [0.125, 0.125, 0.125, 0.125, 0.125, 0.125, 0.125, 0.125, 0.125, 0.125, 0.125, 0.125]
    }
  ],
  "version": 4,
  "reserved4a2": 0
}
